order_id,product_id,customer_id,quantity,price,order_date
1,366,132,5,46.17,2024-05-23
2,298,537,3,67.44,2024-09-25
3,203,359,2,26.32,2024-01-15
4,485,443,5,89.99,2024-02-21
5,414,334,4,87.32,2024-06-08
6,419,151,4,68.2,2024-03-19
7,432,868,1,89.22,2024-07-16
8,436,807,3,40.63,2024-11-10
9,377,126,5,74.34,2024-09-05
10,470,599,5,78.21,2024-04-07
11,223,265,1,94.55,2024-08-11
12,363,65,3,19.78,2024-11-26
13,382,582,5,38.39,2024-07-27
14,171,418,1,66.36,2024-11-15
15,148,257,3,50.32,2024-08-19
16,109,865,3,92.04,2024-02-12
17,412,535,4,60.43,2024-03-16
18,344,860,4,15.64,2024-07-26
19,469,2,5,77.81,2024-05-09
20,381,181,1,45.99,2024-07-20
21,355,837,3,91.75,2024-08-20
22,496,947,2,84.39,2024-06-06
23,484,143,2,72.57,2024-04-27
24,285,210,2,73.26,2024-04-07
25,166,9,1,68.0,2024-08-19
26,483,513,4,82.29,2024-09-07
27,467,648,2,43.04,2024-04-21
28,149,964,3,52.07,2024-03-05
29,112,674,3,55.32,2024-07-01
30,287,287,5,85.84,2024-05-08
31,238,1000,5,47.79,2024-04-06
32,120,541,2,76.63,2024-09-09
33,232,775,4,38.16,2024-05-05
34,363,933,1,32.14,2024-09-28
35,342,793,2,96.53,2024-11-23
36,345,782,5,29.16,2024-10-14
37,246,15,5,29.77,2024-03-18
38,370,689,5,72.17,2024-05-29
39,477,22,5,38.82,2024-02-21
40,209,573,4,37.07,2024-11-21
41,335,609,4,90.18,2024-04-03
42,481,676,4,25.39,2024-03-30
43,292,687,5,45.54,2024-07-24
44,406,873,5,60.04,2024-04-11
45,204,502,5,89.17,2024-01-04
46,321,538,1,92.94,2024-07-13
47,335,232,5,91.94,2024-01-09
48,183,470,1,34.77,2024-09-01
49,222,205,5,54.11,2024-11-26
50,461,151,3,85.43,2024-10-31
51,325,873,3,66.74,2024-07-03
52,423,593,5,93.64,2024-04-21
53,242,485,5,71.28,2024-07-19
54,382,270,4,75.38,2023-11-30
55,203,353,4,84.66,2024-04-04
56,243,334,5,95.86,2024-02-26
57,187,81,5,92.97,2024-01-27
58,174,242,5,23.49,2024-03-21
59,316,313,3,67.89,2024-08-09
60,465,520,2,18.39,2023-12-11
61,132,606,1,73.73,2024-09-30
62,304,695,3,5.39,2024-05-04
63,459,311,3,40.94,2023-12-16
64,132,203,4,9.65,2024-07-28
65,175,255,4,67.89,2024-07-03
66,356,766,4,52.45,2024-08-01
67,260,607,2,83.73,2024-04-13
68,162,58,4,30.33,2023-12-08
69,399,768,1,63.12,2024-05-09
70,447,549,1,96.96,2024-07-22
71,100,425,1,46.5,2024-02-19
72,210,555,1,23.72,2024-04-27
73,422,476,2,49.59,2024-09-05
74,463,703,2,28.41,2024-11-10
75,194,556,2,84.64,2024-10-04
76,102,644,5,46.78,2024-07-21
77,236,584,2,76.13,2024-05-21
78,426,983,5,45.27,2024-01-14
79,287,978,5,88.76,2024-09-28
80,462,252,4,38.06,2024-11-21
81,216,262,5,96.2,2024-07-21
82,448,772,5,65.96,2024-05-26
83,112,223,1,13.6,2024-07-03
84,169,14,2,51.81,2024-08-17
85,287,551,5,65.68,2024-09-02
86,397,826,5,40.68,2024-04-20
87,439,801,4,22.63,2024-02-07
88,344,513,2,68.07,2024-05-25
89,360,121,1,18.66,2024-10-17
90,424,483,1,41.76,2024-09-05
91,278,301,5,92.17,2024-04-28
92,127,540,3,16.21,2024-01-14
93,429,814,5,21.12,2024-11-16
94,410,516,4,80.24,2024-04-04
95,235,217,5,80.34,2024-04-30
96,224,641,2,40.95,2024-04-08
97,365,436,4,80.0,2024-11-02
98,195,776,4,21.87,2024-11-18
99,397,916,2,98.03,2024-03-02
100,425,473,4,51.83,2024-10-14
101,441,378,1,55.38,2024-11-18
102,452,603,4,45.24,2024-10-24
103,478,452,1,55.05,2024-09-11
104,167,619,3,64.08,2024-03-14
105,438,756,3,37.6,2023-12-23
106,115,316,3,64.7,2024-02-20
107,315,619,2,59.69,2023-12-26
108,478,530,1,81.53,2024-08-06
109,368,307,5,23.06,2024-11-23
110,257,297,1,75.63,2024-10-10
111,248,603,3,6.06,2024-11-21
112,366,131,5,85.12,2024-10-03
113,294,45,2,59.77,2024-03-28
114,373,591,3,99.19,2024-10-22
115,461,167,3,20.33,2023-12-24
116,153,552,1,45.71,2024-06-18
117,127,646,4,98.5,2024-02-21
118,313,653,1,33.44,2024-08-28
119,411,945,5,7.76,2024-02-08
120,383,810,4,54.51,2024-11-12
121,357,313,5,96.77,2024-03-10
122,500,542,1,53.33,2024-09-26
123,392,658,3,58.82,2024-08-13
124,350,491,4,50.24,2023-12-03
125,126,150,4,48.85,2024-01-30
126,260,547,2,15.55,2023-12-25
127,289,415,1,64.14,2023-11-27
128,369,649,2,13.63,2024-07-26
129,104,347,2,9.02,2024-08-29
130,427,393,5,95.79,2024-04-27
131,248,492,3,13.48,2024-06-12
132,360,963,1,10.89,2024-01-13
133,293,618,2,81.35,2024-02-09
134,229,419,2,48.95,2024-07-05
135,349,484,1,95.02,2024-09-08
136,283,856,5,66.94,2024-08-03
137,264,395,3,65.13,2024-03-09
138,302,792,5,16.2,2023-11-29
139,320,722,3,64.33,2024-06-14
140,251,807,3,21.87,2024-10-18
141,472,202,5,5.98,2024-04-03
142,484,186,1,26.88,2024-02-14
143,136,448,4,21.26,2024-06-03
144,245,620,5,14.16,2024-09-23
145,493,521,3,52.41,2024-02-07
146,221,122,1,40.2,2023-12-08
147,317,544,2,15.19,2024-01-17
148,242,653,5,71.74,2024-02-29
149,339,517,4,58.36,2024-03-10
150,434,211,4,71.04,2024-05-31
151,488,894,1,59.77,2024-07-08
152,206,346,3,73.84,2024-11-14
153,386,312,1,54.43,2024-03-25
154,354,753,5,89.48,2023-11-29
155,107,237,3,28.78,2024-03-05
156,493,216,4,49.16,2024-10-27
157,235,476,2,92.05,2024-11-06
158,452,388,1,5.23,2023-12-10
159,150,727,1,11.69,2024-08-02
160,123,688,3,46.17,2024-03-19
161,261,152,5,5.4,2024-03-19
162,431,444,1,89.76,2024-07-25
163,115,188,2,70.09,2023-12-09
164,314,564,1,40.01,2024-10-13
165,475,741,1,29.4,2024-03-04
166,343,234,4,96.2,2024-10-30
167,270,713,2,91.2,2024-04-16
168,166,410,2,6.2,2024-07-08
169,127,401,1,26.34,2024-07-04
170,442,763,2,27.01,2024-09-30
171,165,558,1,56.58,2024-10-02
172,446,685,4,58.94,2024-01-02
173,467,32,4,56.81,2024-02-09
174,209,862,3,21.1,2024-09-24
175,322,999,1,51.23,2024-03-06
176,207,594,3,52.64,2024-07-21
177,393,785,5,13.59,2024-01-04
178,266,558,5,33.2,2024-01-18
179,312,409,3,41.16,2024-01-03
180,170,97,3,51.08,2024-08-21
181,432,585,4,67.32,2024-10-18
182,427,937,3,43.93,2024-08-21
183,434,491,3,78.03,2023-12-13
184,192,451,1,66.67,2024-06-29
185,258,934,4,28.47,2024-10-13
186,299,148,5,14.09,2024-01-07
187,314,896,2,53.49,2024-09-19
188,497,155,5,89.93,2024-08-08
189,483,817,4,58.82,2024-11-01
190,397,253,1,86.0,2024-09-02
191,191,439,4,5.79,2024-07-31
192,451,648,1,79.58,2024-03-19
193,358,374,2,95.45,2024-07-14
194,398,30,5,83.38,2023-11-28
195,171,882,4,83.29,2024-10-28
196,120,405,1,37.82,2024-08-01
197,184,676,4,44.37,2024-09-06
198,229,198,2,59.6,2024-02-23
199,436,830,3,48.13,2024-05-12
200,184,572,2,97.17,2023-12-29
201,146,602,5,38.96,2024-08-21
202,329,602,2,27.14,2024-08-01
203,238,863,4,12.04,2024-05-11
204,483,55,5,72.89,2024-06-15
205,259,373,4,66.86,2024-03-14
206,375,334,1,85.4,2024-01-14
207,289,144,5,46.76,2024-04-26
208,262,521,4,97.76,2024-07-23
209,392,90,2,49.56,2024-07-17
210,161,302,5,89.05,2024-02-26
211,362,687,2,77.87,2023-12-16
212,285,575,4,87.24,2024-04-27
213,416,273,4,18.38,2024-09-13
214,277,738,4,62.83,2024-01-11
215,267,106,1,7.41,2024-06-28
216,423,988,2,22.13,2024-09-02
217,361,472,5,78.31,2024-06-30
218,398,219,3,74.51,2024-04-22
219,307,323,5,9.97,2024-07-26
220,450,835,4,45.02,2024-11-04
221,447,627,3,51.05,2024-01-01
222,443,180,4,36.44,2024-10-15
223,107,994,5,94.82,2024-05-05
224,347,669,5,56.46,2024-04-04
225,122,527,5,57.48,2023-12-25
226,315,556,4,23.93,2023-12-28
227,341,830,1,47.74,2023-12-15
228,344,900,5,34.73,2024-01-27
229,268,543,3,78.7,2023-12-20
230,406,403,5,77.49,2024-07-03
231,317,792,3,60.92,2024-10-20
232,383,848,3,16.44,2024-01-17
233,390,361,1,79.7,2024-10-22
234,115,679,5,37.66,2024-09-19
235,247,385,4,71.12,2024-06-20
236,251,233,3,32.16,2024-09-06
237,127,161,1,87.93,2024-02-16
238,189,196,4,47.18,2024-09-09
239,291,963,3,10.06,2024-01-05
240,207,390,4,95.11,2024-09-27
241,283,366,1,73.46,2024-07-29
242,318,480,4,87.69,2023-12-20
243,154,34,3,63.75,2024-08-31
244,230,406,2,48.59,2024-09-14
245,263,702,3,69.92,2024-09-13
246,215,93,5,14.24,2024-03-11
247,461,693,3,65.86,2024-11-16
248,126,943,1,23.22,2024-05-23
249,492,552,2,22.37,2024-10-09
250,381,97,1,32.84,2024-11-15
251,146,420,2,46.17,2024-10-23
252,143,635,5,69.32,2024-08-08
253,325,941,4,84.37,2024-04-28
254,375,673,3,31.04,2024-05-23
255,298,980,2,56.31,2024-08-13
256,494,761,1,25.56,2023-12-12
257,263,746,1,65.57,2024-08-12
258,405,866,1,96.57,2024-02-07
259,458,124,3,24.44,2024-08-31
260,474,845,1,82.49,2024-07-15
261,304,370,2,99.61,2024-06-16
262,389,782,3,30.57,2024-11-20
263,465,162,3,41.3,2024-05-08
264,499,245,5,62.64,2024-11-21
265,170,871,5,56.34,2024-10-23
266,170,829,2,29.63,2024-07-15
267,132,480,3,65.36,2024-10-16
268,493,209,2,81.38,2024-03-01
269,143,6,1,64.45,2024-01-16
270,352,355,5,80.69,2024-01-14
271,478,765,3,60.57,2024-02-08
272,129,269,5,77.69,2024-04-02
273,164,418,2,72.39,2024-06-14
274,330,695,4,7.58,2023-12-28
275,457,309,2,95.01,2024-06-26
276,424,162,1,12.79,2024-07-31
277,125,462,1,90.31,2024-02-08
278,281,912,5,16.76,2024-10-12
279,346,61,3,79.77,2024-02-14
280,289,709,4,53.43,2024-08-21
281,201,529,1,7.54,2024-10-10
282,420,679,3,38.23,2024-09-04
283,251,835,2,88.02,2024-07-05
284,215,385,4,93.53,2024-07-31
285,268,495,5,8.51,2024-09-21
286,487,221,3,89.15,2024-09-17
287,415,726,1,52.01,2024-07-05
288,478,229,1,66.2,2024-06-20
289,353,703,5,62.76,2024-10-26
290,203,379,2,50.52,2024-04-01
291,126,309,3,89.6,2024-10-25
292,225,126,4,43.43,2024-08-09
293,141,258,5,55.8,2024-06-16
294,193,616,1,62.72,2024-03-22
295,464,867,5,67.52,2023-12-07
296,308,79,3,86.96,2024-06-07
297,440,809,5,6.75,2024-09-04
298,410,959,4,16.44,2024-06-11
299,403,288,2,48.57,2024-04-10
300,307,549,5,95.79,2024-10-05
301,497,164,4,42.57,2024-05-26
302,109,877,2,74.38,2024-09-18
303,435,275,5,41.73,2024-01-14
304,432,23,4,99.73,2024-06-07
305,370,982,5,71.19,2024-05-30
306,132,360,4,80.78,2024-07-18
307,388,767,3,69.11,2024-03-16
308,486,422,1,44.76,2024-03-30
309,380,696,1,68.75,2024-07-17
310,220,850,1,51.74,2024-09-11
311,190,825,4,85.62,2024-01-16
312,321,983,4,39.86,2024-09-11
313,314,399,1,37.87,2024-10-11
314,264,982,1,94.12,2024-05-19
315,441,584,2,12.03,2024-05-25
316,363,228,3,56.08,2024-10-22
317,175,276,2,64.1,2023-12-04
318,380,166,1,91.63,2024-05-29
319,440,246,1,28.06,2024-04-25
320,272,915,4,97.84,2024-02-08
321,174,363,2,6.85,2024-10-02
322,164,924,4,7.29,2024-08-17
323,485,798,2,37.53,2024-04-27
324,481,217,4,70.01,2024-02-18
325,211,623,4,32.77,2024-05-23
326,235,233,5,74.32,2024-10-16
327,193,162,4,11.51,2024-05-16
328,311,497,5,46.9,2024-06-19
329,386,815,1,22.57,2024-08-30
330,186,207,1,89.79,2024-10-11
331,185,1,4,47.85,2024-09-22
332,341,676,2,86.84,2024-11-25
333,326,607,5,13.36,2024-11-08
334,172,244,3,96.76,2023-12-19
335,148,948,5,78.47,2024-07-08
336,404,55,3,5.4,2024-09-26
337,439,435,1,17.71,2024-09-03
338,221,449,1,13.21,2024-07-28
339,329,260,3,62.76,2024-08-27
340,135,481,4,97.51,2024-03-20
341,409,32,1,76.57,2024-11-22
342,268,716,4,90.62,2023-12-11
343,489,585,4,14.29,2024-07-20
344,382,516,1,77.51,2024-08-09
345,304,11,2,45.83,2024-02-21
346,455,984,4,46.31,2024-11-08
347,113,895,3,6.99,2024-05-18
348,355,544,4,67.97,2024-04-14
349,431,115,2,55.71,2024-08-14
350,104,547,5,11.97,2024-06-11
351,369,431,3,82.39,2024-07-13
352,163,140,2,54.49,2024-06-22
353,173,498,4,12.97,2024-02-13
354,467,209,3,99.64,2024-05-19
355,179,780,1,37.74,2024-05-13
356,434,858,4,27.79,2024-05-14
357,133,31,5,46.08,2024-06-02
358,327,847,1,39.97,2024-04-23
359,336,959,3,11.5,2024-08-22
360,426,736,4,38.86,2024-06-06
361,421,23,1,28.67,2024-11-14
362,391,982,1,13.32,2024-01-25
363,431,737,4,76.38,2024-05-30
364,478,462,5,61.73,2024-10-04
365,170,569,5,98.1,2024-02-07
366,129,715,1,81.24,2024-06-10
367,479,419,3,93.5,2024-11-16
368,123,932,1,36.82,2024-03-13
369,412,954,2,61.27,2024-06-28
370,186,499,5,86.34,2024-10-10
371,223,429,1,9.24,2024-05-13
372,203,123,1,98.08,2024-08-28
373,136,383,3,28.22,2023-12-20
374,226,517,1,83.84,2024-01-30
375,290,947,5,96.56,2023-12-07
376,154,984,3,94.03,2024-03-16
377,248,585,4,51.15,2024-08-08
378,322,732,5,56.48,2024-06-15
379,137,984,1,20.9,2024-02-22
380,255,608,5,48.94,2024-05-22
381,119,733,5,26.83,2024-10-28
382,113,510,1,83.84,2024-10-21
383,287,67,1,85.7,2024-06-07
384,400,48,3,26.59,2024-09-20
385,289,694,2,81.71,2024-07-25
386,292,232,1,44.3,2024-06-05
387,187,297,3,95.71,2024-04-16
388,436,645,1,98.7,2024-06-09
389,476,928,3,41.42,2024-10-31
390,121,128,3,16.96,2024-02-04
391,416,654,1,36.05,2024-05-06
392,330,986,3,60.25,2024-05-10
393,426,436,4,6.26,2024-09-24
394,113,897,1,30.32,2024-10-28
395,127,530,3,52.37,2024-06-28
396,233,546,3,23.37,2024-07-21
397,355,273,3,9.02,2024-09-24
398,188,92,4,88.52,2024-10-26
399,278,590,4,11.56,2024-10-13
400,389,770,2,16.45,2024-08-12
401,463,52,1,57.79,2024-05-03
402,233,466,5,66.98,2024-05-08
403,375,586,5,97.93,2024-05-18
404,424,453,4,35.79,2024-03-30
405,474,919,2,96.52,2024-02-09
406,332,936,3,98.87,2024-07-11
407,269,21,4,90.1,2024-03-31
408,386,116,4,68.78,2024-11-05
409,113,304,5,94.31,2024-04-09
410,112,520,1,63.63,2024-02-09
411,145,288,2,30.7,2023-12-19
412,286,253,1,44.22,2024-08-20
413,270,505,2,44.68,2024-02-06
414,449,51,4,9.06,2024-05-04
415,289,483,5,40.4,2024-08-23
416,152,716,5,79.64,2024-05-07
417,316,486,3,25.48,2024-11-20
418,374,402,3,36.25,2024-01-12
419,476,503,2,38.32,2024-04-06
420,265,617,2,50.85,2024-03-25
421,474,562,1,81.6,2024-04-26
422,329,479,3,70.8,2024-10-12
423,176,421,3,30.71,2024-01-23
424,416,803,4,32.82,2024-01-08
425,302,362,4,89.85,2024-05-29
426,263,17,1,6.08,2024-03-20
427,263,557,3,82.98,2024-01-21
428,250,481,4,12.09,2024-03-21
429,498,46,3,10.32,2024-07-09
430,196,643,5,78.02,2024-07-26
431,339,465,5,93.02,2024-07-02
432,279,112,4,24.43,2024-04-14
433,209,145,5,61.22,2024-07-23
434,413,147,1,58.02,2023-12-14
435,254,526,1,60.69,2024-05-26
436,205,37,5,76.17,2024-09-08
437,311,834,4,85.71,2024-08-12
438,221,368,5,88.72,2024-04-03
439,147,882,5,49.64,2024-03-07
440,193,321,4,47.39,2024-05-13
441,204,118,4,46.87,2024-11-18
442,132,544,4,34.86,2024-03-28
443,233,331,1,79.01,2024-01-28
444,240,207,1,14.84,2024-09-03
445,285,557,4,59.63,2024-08-01
446,208,848,3,27.89,2024-07-04
447,226,264,4,59.46,2024-06-15
448,242,676,1,48.96,2024-08-01
449,289,488,4,5.32,2024-04-11
450,350,267,5,15.52,2024-09-09
451,465,768,3,8.8,2024-10-01
452,389,565,5,55.25,2024-07-04
453,495,718,2,47.28,2024-07-27
454,233,999,4,88.36,2024-02-10
455,315,38,5,13.38,2024-02-26
456,473,201,4,8.39,2024-04-26
457,248,947,5,85.8,2024-10-02
458,348,743,5,14.84,2024-07-16
459,315,103,2,25.79,2024-02-04
460,467,558,3,80.42,2023-12-24
461,227,736,1,77.38,2024-01-11
462,412,200,2,29.99,2024-09-24
463,305,517,2,84.98,2024-05-17
464,461,229,4,37.45,2024-02-11
465,200,409,2,32.47,2024-07-22
466,307,429,2,46.88,2024-07-15
467,158,289,3,25.35,2024-02-18
468,158,113,3,67.47,2024-07-04
469,495,141,2,58.19,2024-07-03
470,464,742,5,81.82,2024-08-09
471,444,25,3,74.86,2024-08-25
472,130,555,2,42.49,2023-12-11
473,455,986,5,80.97,2024-02-22
474,300,288,2,25.53,2024-09-22
475,311,199,3,71.93,2024-07-31
476,151,138,1,40.54,2024-04-27
477,254,959,1,92.64,2024-08-02
478,423,131,5,90.52,2024-03-01
479,455,66,4,35.21,2024-01-31
480,283,203,1,92.92,2024-09-14
481,327,890,3,9.28,2024-08-25
482,162,196,4,48.42,2024-06-03
483,423,115,3,72.56,2024-08-03
484,428,408,4,58.49,2024-04-20
485,246,736,4,23.02,2024-06-14
486,370,764,4,82.49,2024-06-29
487,141,948,4,96.31,2024-03-26
488,144,517,3,70.01,2024-11-01
489,360,406,2,5.62,2024-11-23
490,241,100,1,61.81,2024-08-22
491,143,56,2,18.24,2024-11-08
492,414,898,1,35.44,2024-01-17
493,129,90,5,28.68,2024-02-20
494,329,145,3,62.32,2024-05-15
495,376,252,4,24.36,2024-07-27
496,467,6,4,70.77,2024-06-09
497,463,185,3,83.39,2024-06-20
498,304,55,5,21.02,2024-04-16
499,203,205,1,17.89,2024-05-18
500,439,368,4,47.71,2024-09-04
501,190,818,5,33.7,2024-02-11
502,453,985,1,87.12,2024-01-30
503,377,871,2,32.03,2024-08-22
504,342,285,4,38.68,2024-10-03
505,290,240,4,38.52,2023-12-10
506,497,271,2,15.35,2023-12-23
507,208,882,2,22.35,2024-06-01
508,391,90,2,6.16,2024-07-01
509,168,772,4,39.68,2024-09-16
510,356,119,3,37.55,2023-12-04
511,474,500,3,86.11,2024-09-09
512,240,656,5,48.75,2024-04-08
513,230,279,2,62.08,2024-02-09
514,272,895,2,36.47,2024-11-24
515,214,102,3,89.94,2024-06-02
516,330,44,3,78.82,2024-03-14
517,137,675,3,53.75,2024-07-25
518,269,246,2,7.72,2024-10-23
519,451,16,1,13.61,2024-06-30
520,174,223,3,9.69,2024-09-09
521,412,829,3,88.16,2024-08-19
522,331,276,4,88.9,2023-12-16
523,440,459,5,33.03,2024-11-05
524,137,516,5,17.04,2024-03-24
525,445,87,2,27.13,2024-03-24
526,141,200,5,55.49,2024-09-01
527,491,836,4,50.17,2024-07-02
528,441,657,2,66.94,2024-01-10
529,100,575,5,37.94,2024-04-16
530,149,989,5,52.89,2024-11-13
531,133,782,5,58.28,2024-04-14
532,494,977,4,96.89,2024-03-25
533,200,36,5,97.48,2024-05-01
534,239,374,4,13.84,2024-01-17
535,469,199,3,34.06,2024-04-07
536,398,864,3,60.6,2024-03-23
537,392,383,1,95.91,2023-12-12
538,416,310,3,56.84,2024-03-14
539,191,841,2,64.19,2023-12-28
540,391,370,4,60.78,2024-07-01
541,454,342,2,99.31,2024-04-21
542,308,73,1,22.4,2024-01-23
543,364,730,3,97.01,2024-06-13
544,473,991,5,41.45,2024-05-13
545,246,476,3,29.04,2024-04-19
546,102,138,4,71.64,2023-12-31
547,337,663,1,64.01,2024-02-25
548,185,279,4,46.98,2024-04-29
549,129,834,2,19.44,2024-06-18
550,433,323,2,41.96,2024-07-19
551,430,819,1,39.22,2024-09-10
552,460,793,4,37.02,2024-10-13
553,379,49,5,44.27,2024-04-23
554,347,745,1,63.46,2024-10-30
555,272,895,4,32.97,2023-11-27
556,207,807,2,28.75,2024-07-26
557,107,848,5,36.16,2024-09-01
558,181,500,5,56.79,2024-04-07
559,239,741,2,26.19,2024-03-17
560,328,439,5,93.06,2024-07-17
561,375,59,1,72.35,2024-09-07
562,407,481,2,32.99,2024-11-08
563,160,129,4,88.47,2024-04-11
564,376,372,1,70.18,2024-01-08
565,474,450,3,78.72,2024-03-31
566,390,758,4,23.28,2024-06-15
567,253,577,3,21.03,2024-09-15
568,423,125,1,31.84,2024-06-06
569,380,900,1,28.62,2024-05-28
570,347,258,1,57.09,2024-07-07
571,320,267,4,68.23,2024-02-04
572,207,285,4,12.5,2024-04-26
573,134,318,4,12.64,2024-10-09
574,296,678,5,58.09,2024-11-20
575,432,211,4,58.29,2024-07-06
576,393,519,4,26.56,2024-06-04
577,218,929,1,23.56,2024-03-25
578,458,287,2,19.91,2024-09-18
579,336,333,3,68.71,2024-11-18
580,411,722,5,90.3,2023-12-16
581,111,818,5,84.57,2024-10-04
582,493,298,2,11.23,2024-05-12
583,230,452,4,65.78,2024-04-18
584,277,792,3,11.04,2024-11-11
585,154,441,2,57.89,2024-04-13
586,474,335,4,41.47,2024-03-17
587,237,707,2,21.19,2024-09-02
588,335,115,5,88.6,2024-10-25
589,461,845,3,45.81,2024-05-31
590,367,783,2,89.64,2024-10-11
591,172,450,2,55.33,2023-12-19
592,222,654,5,7.64,2024-06-18
593,321,489,2,71.41,2024-10-03
594,149,216,3,42.37,2024-03-08
595,327,888,2,54.71,2024-04-02
596,370,117,1,15.88,2024-03-20
597,462,928,2,38.48,2024-01-24
598,156,619,3,12.93,2024-02-25
599,408,114,2,47.74,2024-09-19
600,469,741,5,70.61,2024-10-18
601,452,814,5,73.37,2023-12-09
602,365,313,2,52.98,2024-03-27
603,382,164,2,91.01,2024-03-15
604,465,165,5,8.03,2024-03-06
605,478,884,4,26.25,2024-05-22
606,408,827,5,98.17,2024-01-13
607,301,775,5,19.81,2024-02-19
608,418,77,4,98.29,2023-12-07
609,391,453,4,21.48,2024-10-29
610,388,462,2,85.63,2024-09-18
611,141,799,3,83.58,2024-07-10
612,195,207,2,73.61,2023-12-04
613,119,381,1,83.54,2024-10-24
614,473,224,5,94.54,2024-07-14
615,143,679,2,90.47,2024-09-15
616,143,935,2,78.88,2024-01-25
617,422,367,5,49.28,2023-12-08
618,314,772,2,28.33,2023-12-20
619,438,990,1,73.41,2024-11-22
620,144,148,1,69.84,2024-02-26
621,468,162,4,20.47,2024-04-19
622,311,245,4,85.23,2024-09-09
623,211,900,4,21.93,2024-01-26
624,388,809,2,6.9,2024-09-22
625,180,806,5,26.18,2024-03-18
626,401,408,3,53.67,2024-04-09
627,388,226,2,83.41,2024-07-13
628,296,125,5,11.25,2024-08-01
629,306,963,5,44.14,2024-09-05
630,224,324,4,85.14,2024-11-09
631,364,151,2,88.41,2024-11-24
632,314,208,2,8.74,2024-11-07
633,175,815,2,50.88,2024-02-15
634,500,626,2,18.08,2024-10-07
635,333,556,1,11.27,2024-01-02
636,485,737,1,84.07,2024-06-22
637,301,125,2,12.63,2023-12-20
638,148,522,1,78.11,2024-09-03
639,174,755,3,82.69,2024-04-04
640,245,687,2,10.3,2024-03-08
641,173,263,1,71.87,2024-04-01
642,125,917,1,49.46,2024-08-13
643,297,133,3,78.4,2024-08-11
644,302,930,4,28.3,2024-06-20
645,486,33,2,74.52,2023-12-09
646,259,391,2,90.61,2024-02-02
647,280,987,1,25.38,2024-01-25
648,480,138,5,71.29,2024-09-12
649,272,341,3,58.94,2023-12-27
650,429,845,2,6.59,2023-12-12
651,111,211,4,49.96,2024-06-24
652,302,511,5,72.63,2024-09-19
653,417,857,4,31.4,2024-02-05
654,250,5,5,18.49,2024-08-02
655,133,279,3,50.93,2024-04-18
656,324,838,5,35.59,2024-06-06
657,297,291,4,71.43,2024-03-10
658,341,909,3,41.07,2024-07-15
659,253,985,5,94.06,2024-03-30
660,183,198,2,15.7,2024-08-11
661,361,591,3,64.03,2024-06-19
662,211,55,3,23.94,2024-09-25
663,474,659,4,57.83,2024-05-30
664,375,180,1,15.11,2024-04-07
665,405,268,3,97.37,2023-12-06
666,462,527,2,51.07,2024-07-21
667,433,658,1,15.0,2023-12-24
668,376,969,5,29.96,2024-11-01
669,394,127,1,24.07,2024-03-26
670,445,833,2,72.3,2024-09-06
671,314,211,1,87.63,2023-12-28
672,409,744,1,69.33,2024-06-28
673,488,818,3,18.71,2023-12-08
674,189,255,5,93.04,2024-02-16
675,406,518,4,32.55,2024-02-29
676,397,929,2,74.04,2024-07-18
677,135,496,3,77.43,2024-01-30
678,352,880,4,83.6,2024-04-21
679,243,600,2,67.47,2024-04-24
680,125,509,1,53.84,2023-12-26
681,459,973,2,24.73,2024-03-25
682,293,662,2,9.76,2023-12-22
683,122,192,3,61.17,2023-12-28
684,492,337,5,23.14,2024-05-14
685,289,472,1,86.92,2024-02-19
686,145,995,2,66.23,2024-11-19
687,395,411,2,32.44,2024-05-23
688,450,899,3,89.48,2024-04-04
689,135,921,4,12.43,2024-03-02
690,305,703,1,45.45,2023-12-21
691,423,4,1,52.42,2024-03-25
692,146,352,5,96.38,2024-10-06
693,492,825,5,92.14,2024-06-05
694,260,984,5,47.64,2024-10-17
695,278,843,5,72.03,2024-03-01
696,326,466,5,64.99,2024-04-14
697,122,51,3,65.76,2024-08-10
698,157,22,2,34.76,2024-08-09
699,471,579,5,68.19,2024-08-11
700,402,174,3,58.08,2024-09-17
701,406,316,3,56.31,2024-02-23
702,435,58,3,79.01,2024-04-01
703,157,104,4,19.65,2024-01-17
704,354,170,3,43.5,2024-02-13
705,163,348,3,87.32,2023-11-27
706,329,134,5,85.34,2024-08-13
707,414,884,4,82.64,2024-05-15
708,136,626,1,63.82,2024-03-26
709,446,152,5,24.43,2024-06-25
710,297,233,3,42.59,2023-12-10
711,177,179,2,35.38,2024-10-28
712,333,381,1,30.49,2024-04-02
713,360,77,3,33.85,2024-11-17
714,455,481,5,66.17,2024-07-11
715,237,137,2,30.97,2024-05-19
716,500,315,1,65.32,2024-08-19
717,169,284,2,17.91,2024-02-08
718,339,441,4,46.25,2023-12-17
719,122,64,4,8.12,2024-03-14
720,106,937,2,98.66,2024-09-28
721,275,985,5,90.1,2024-06-17
722,449,5,2,25.7,2024-09-07
723,379,618,2,47.26,2024-04-05
724,289,7,2,24.37,2023-12-16
725,400,457,5,72.18,2024-02-21
726,340,145,1,11.29,2024-07-02
727,338,376,3,44.02,2024-07-06
728,224,283,5,26.28,2024-08-07
729,333,386,2,78.72,2024-11-22
730,438,34,4,70.44,2024-04-21
731,173,322,2,24.99,2024-03-16
732,242,649,2,42.85,2024-01-10
733,337,68,5,82.19,2024-03-04
734,435,872,5,31.72,2024-07-30
735,141,44,1,73.07,2024-11-26
736,405,163,1,48.92,2024-01-27
737,484,71,4,16.69,2024-07-12
738,198,606,5,55.94,2024-01-18
739,260,1,5,62.24,2024-01-25
740,382,335,2,52.85,2024-05-26
741,218,292,1,60.33,2024-09-04
742,176,90,5,22.29,2024-06-30
743,391,953,1,96.55,2024-11-13
744,259,898,5,65.53,2024-06-25
745,132,37,3,54.16,2024-05-28
746,217,514,1,29.22,2024-08-29
747,343,744,5,96.5,2024-09-25
748,115,461,3,68.37,2023-11-28
749,416,640,4,20.21,2024-09-23
750,457,300,5,39.16,2024-09-27
751,447,600,1,35.55,2023-12-19
752,153,544,4,79.69,2024-03-11
753,378,905,1,72.1,2024-04-05
754,286,139,4,23.29,2024-09-23
755,489,977,3,86.7,2024-05-31
756,146,192,3,10.51,2024-01-01
757,390,471,1,98.55,2024-07-15
758,265,399,3,15.49,2024-11-07
759,339,585,2,9.7,2024-08-31
760,183,259,1,18.02,2024-10-05
761,376,396,4,15.98,2024-09-26
762,249,699,3,23.03,2024-10-13
763,401,747,4,91.84,2024-10-20
764,129,912,4,34.29,2024-10-07
765,374,667,3,63.04,2024-03-28
766,223,451,1,32.46,2024-07-25
767,300,473,2,7.54,2024-10-26
768,419,727,2,36.43,2024-04-22
769,263,693,1,27.71,2024-02-10
770,341,66,5,43.63,2024-11-09
771,129,737,4,79.7,2024-01-06
772,157,447,5,70.45,2024-08-11
773,232,566,4,15.08,2024-04-30
774,121,423,1,39.35,2024-11-01
775,148,764,2,63.05,2024-09-28
776,221,82,3,31.69,2023-11-29
777,483,87,1,90.25,2024-06-09
778,104,290,4,18.32,2024-02-21
779,319,887,3,69.36,2024-06-23
780,382,168,3,99.88,2024-07-14
781,209,941,3,95.4,2024-11-13
782,216,161,3,48.07,2024-09-11
783,166,876,3,32.38,2024-05-19
784,185,692,3,72.41,2024-08-28
785,473,496,3,8.09,2024-08-12
786,278,64,1,26.56,2024-07-16
787,255,269,5,70.88,2024-02-12
788,199,317,5,75.45,2024-07-20
789,126,904,1,96.03,2024-07-28
790,125,124,2,49.96,2024-10-01
791,379,239,5,78.27,2024-08-07
792,161,910,2,81.04,2024-05-25
793,361,639,5,92.87,2024-01-07
794,193,94,1,41.42,2024-02-21
795,137,1000,1,50.58,2024-11-13
796,113,85,3,86.22,2024-09-04
797,246,549,1,43.08,2024-03-14
798,151,317,3,69.64,2024-09-12
799,187,390,3,41.51,2024-05-18
800,223,530,2,51.92,2024-01-13
801,238,452,4,94.83,2024-01-30
802,258,402,2,90.22,2024-10-27
803,276,789,3,65.31,2024-09-09
804,363,861,4,50.44,2024-07-24
805,423,57,5,18.51,2024-09-26
806,343,112,4,59.18,2024-02-24
807,408,94,5,71.38,2023-12-03
808,156,554,3,72.7,2024-10-14
809,288,98,1,51.95,2024-11-24
810,154,373,4,55.76,2024-09-22
811,154,625,3,86.8,2024-05-18
812,180,806,5,10.14,2024-06-14
813,402,427,2,48.07,2024-03-17
814,167,395,5,85.57,2024-10-04
815,435,155,4,60.1,2024-03-07
816,265,28,4,52.63,2024-02-04
817,153,657,3,81.7,2024-03-13
818,310,910,3,75.86,2024-03-01
819,395,925,3,59.87,2024-11-17
820,426,951,4,70.86,2024-02-23
821,494,827,1,58.89,2024-07-30
822,320,57,3,15.09,2024-09-20
823,216,364,4,57.35,2023-12-23
824,293,202,4,85.37,2024-09-27
825,458,269,1,28.5,2024-07-18
826,226,628,4,11.29,2024-02-15
827,172,827,1,17.36,2023-12-02
828,294,784,1,68.52,2023-11-27
829,479,592,3,18.12,2023-12-10
830,264,762,3,71.38,2024-07-05
831,343,331,3,56.35,2024-02-15
832,205,711,2,66.71,2024-07-22
833,156,682,1,51.39,2024-04-17
834,330,746,2,90.34,2024-04-19
835,291,246,3,58.48,2024-05-22
836,197,492,4,23.21,2024-07-16
837,171,675,5,35.39,2024-07-19
838,419,432,5,91.96,2024-06-04
839,398,387,4,41.24,2024-07-26
840,234,4,2,37.79,2024-03-08
841,302,15,2,63.93,2024-10-11
842,376,669,1,53.96,2024-09-04
843,340,993,2,97.2,2024-04-06
844,287,15,2,72.09,2024-07-26
845,481,360,3,39.43,2024-04-23
846,322,619,3,83.76,2023-12-29
847,451,590,5,71.78,2024-07-07
848,375,872,3,39.5,2024-09-10
849,256,566,4,14.47,2024-10-14
850,412,121,3,8.79,2023-12-29
851,289,984,5,69.17,2024-01-21
852,453,821,5,25.46,2024-07-22
853,455,140,1,34.58,2024-08-12
854,138,661,1,57.39,2024-01-15
855,162,56,2,39.81,2024-04-26
856,290,499,5,95.54,2024-09-20
857,401,241,2,80.79,2024-08-28
858,182,294,3,54.5,2024-03-26
859,259,841,2,46.27,2024-02-02
860,431,694,5,26.36,2024-06-03
861,280,17,5,11.66,2023-12-14
862,296,181,5,82.58,2024-01-21
863,449,350,5,19.31,2023-12-25
864,278,981,4,25.58,2024-06-08
865,142,670,5,55.84,2024-05-14
866,202,466,5,67.27,2024-11-21
867,345,932,1,10.97,2024-11-03
868,476,600,1,22.96,2024-10-24
869,428,755,4,5.18,2024-08-18
870,185,189,3,37.56,2024-07-05
871,356,329,4,17.86,2024-06-12
872,381,483,4,73.43,2024-08-10
873,418,677,4,97.52,2024-09-15
874,100,930,5,14.21,2024-07-12
875,384,769,5,26.34,2024-02-25
876,252,97,2,88.64,2024-03-02
877,267,20,1,90.57,2024-04-22
878,495,3,5,44.0,2024-08-09
879,276,582,5,83.26,2024-04-22
880,394,401,2,32.8,2023-12-20
881,447,45,2,54.57,2024-07-25
882,479,129,4,26.12,2023-12-23
883,447,807,5,12.94,2024-06-03
884,375,45,4,94.97,2024-10-11
885,361,244,5,86.17,2023-12-04
886,428,936,2,36.93,2024-09-13
887,389,919,5,43.9,2024-07-01
888,386,60,3,21.84,2024-03-17
889,102,20,5,17.06,2024-04-24
890,339,646,3,54.46,2024-09-10
891,383,485,1,89.6,2024-03-16
892,276,385,3,63.6,2024-02-17
893,257,315,5,95.14,2024-10-12
894,164,724,4,7.71,2023-12-27
895,452,679,5,92.7,2024-03-16
896,308,242,3,72.99,2024-11-09
897,283,832,1,52.65,2024-07-31
898,190,739,2,33.82,2024-07-02
899,425,707,5,53.95,2023-12-06
900,332,225,5,71.01,2024-07-25
901,390,42,3,12.4,2024-01-01
902,216,446,2,95.66,2024-09-19
903,363,615,4,17.63,2023-12-06
904,106,417,5,68.57,2023-12-20
905,271,92,3,60.55,2024-11-02
906,193,819,2,83.42,2023-12-14
907,300,462,2,74.97,2024-07-01
908,396,387,5,49.26,2024-08-29
909,229,771,3,83.25,2024-11-06
910,214,591,3,56.05,2024-08-24
911,455,284,1,7.19,2024-01-10
912,433,882,3,34.97,2024-01-11
913,325,874,4,67.82,2024-06-28
914,457,433,3,75.57,2024-08-13
915,330,509,3,79.27,2024-10-09
916,248,753,5,50.4,2024-09-29
917,232,795,2,36.23,2024-08-20
918,455,454,4,78.62,2024-06-03
919,250,675,5,85.48,2024-08-30
920,112,836,2,87.7,2024-03-14
921,148,551,5,14.66,2024-04-10
922,188,875,4,59.9,2024-10-01
923,292,931,5,46.42,2024-06-02
924,404,745,4,6.63,2024-04-25
925,474,444,1,14.64,2024-06-21
926,148,105,1,51.82,2024-01-07
927,345,423,5,51.96,2024-07-16
928,411,806,5,69.03,2024-06-10
929,400,6,3,15.24,2024-01-09
930,477,863,5,17.31,2024-05-10
931,122,905,1,21.36,2024-09-10
932,304,662,2,14.52,2024-07-14
933,401,466,4,58.51,2024-04-14
934,380,429,3,38.97,2024-09-17
935,120,430,4,63.97,2024-09-02
936,284,945,3,57.32,2024-02-09
937,353,492,3,13.03,2024-02-25
938,338,792,3,98.21,2024-09-19
939,246,108,2,25.74,2024-05-15
940,334,790,5,31.04,2024-07-21
941,185,736,5,35.34,2024-06-05
942,120,906,4,6.15,2024-01-31
943,162,750,3,10.55,2024-10-03
944,154,814,1,90.45,2024-03-28
945,363,934,4,40.96,2024-11-03
946,349,375,3,55.69,2024-07-26
947,456,179,1,81.46,2024-01-23
948,288,815,1,39.41,2023-12-29
949,372,957,2,26.69,2024-05-08
950,404,906,3,92.46,2024-05-29
951,477,365,5,76.87,2024-04-29
952,237,969,2,64.95,2024-10-05
953,222,628,5,11.12,2024-08-01
954,156,460,2,48.25,2024-04-15
955,291,565,3,37.82,2024-07-01
956,364,179,4,62.79,2024-02-23
957,223,217,1,99.75,2024-10-08
958,295,203,2,41.21,2024-02-12
959,239,842,4,75.6,2024-01-02
960,495,112,1,18.28,2024-08-30
961,172,990,5,96.27,2024-08-07
962,124,472,2,95.07,2024-03-06
963,480,350,3,49.35,2024-08-13
964,414,430,1,36.17,2024-03-27
965,476,633,4,64.19,2023-12-10
966,494,92,2,49.98,2024-09-13
967,256,671,3,41.77,2024-11-07
968,396,450,1,10.88,2024-11-19
969,192,236,4,44.25,2024-05-09
970,147,976,2,42.51,2024-01-24
971,301,763,3,23.92,2024-10-01
972,111,936,2,21.09,2024-06-25
973,491,807,2,54.9,2024-03-01
974,187,590,2,5.29,2024-11-09
975,269,42,1,88.51,2024-10-21
976,440,768,2,33.99,2024-02-19
977,294,557,4,75.58,2024-03-25
978,294,95,5,95.99,2024-11-17
979,267,328,5,70.56,2023-12-03
980,276,221,1,26.41,2024-03-20
981,190,969,2,18.72,2024-02-21
982,189,141,1,93.81,2024-02-17
983,187,583,2,59.57,2024-05-26
984,302,722,3,44.9,2024-08-18
985,358,201,3,61.41,2024-06-15
986,493,886,1,70.94,2024-06-18
987,486,466,2,33.95,2024-06-10
988,158,345,3,84.23,2024-11-22
989,428,215,1,91.64,2024-11-18
990,207,325,3,76.35,2024-02-22
991,177,137,2,37.49,2024-07-14
992,227,976,3,15.93,2024-05-03
993,181,324,4,26.77,2024-06-24
994,176,734,4,32.5,2024-08-06
995,350,201,4,65.95,2024-05-04
996,213,676,2,17.58,2024-05-16
997,202,802,5,74.29,2024-09-20
998,302,1,2,78.9,2024-11-26
999,375,635,5,78.62,2024-01-18
1000,496,687,4,71.63,2024-03-25
